genus,family,trophic_guilds,trophic_guild_primary,qa_has_answer,qa_answer,qa_best_collection,qa_source_docids,n_docs_retrieved,interaction_sentences,n_interaction_sentences,biotxplorer_partners,biotxplorer_max_score
Absolonia,Onychiuridae,unknown,unknown,True,"Based on the provided documents, there is no specific information regarding the diet of *Absolonia* species. The texts discuss aspects such as troglomorphy, geographic distribution, and ecological tolerance but do not mention feeding habits . Further research would be needed to determine their dietary preferences.",pmc,10.5852/ejt.2023.879.2161(pmc)|PMC6961878(pmc)|PMC6811635(pmc),3,,0,,
Agrenia,Isotomidae,omnivore|algivore|bacterivore|herbivore|predator,omnivore,True,"Based on the provided documents, Agrenia bidenticulata feeds on a biofilm containing terrestrial diatoms, which are rich in proteins . This biofilm is formed on moist surfaces of sand and silt through the activity of diatoms and other microorganisms . Additionally, Agrenia is described as a bryophile species, indicating it may also feed on mosses .",pmc,PMC3788365(pmc)|PMC7240498(pmc),2,"Here we present an alternative explanation and a novel glacier foreland food web by showing that pioneer predators eat locally produced midges containing 21,000 years old ancient carbon released by the melting glacier.||Terrestrial spiders, harvestmen and beetles feeding on adult midges had radiocarbon ages of 340–1100 years.||Water beetles assumed to eat midge l",3,,
Allacma,Sminthuridae,unknown,unknown,True,"Based on the provided documents, there is no specific information regarding the diet of Allacma species. The sources discuss various aspects such as taxonomy, mitochondrial metabolism, genomic features, and reproductive biology of Allacma, but none mention feeding habits . Further research would be required to determine what Allacma feeds on.",medline,33801126(medline)|11732170(medline)|37650155(medline)|35946560(medline)|19027878(medline),5,,0,,
Anurida,Neanuridae,predator,predator,True,"Based on the provided documents, no specific information regarding the diet of Anurida species is given. The sources focus on morphological characteristics, geographic distribution, and behavioral patterns such as tidal synchronization, rather than dietary preferences . Further research would be needed to determine their feeding habits.",medline,30313303(medline)|34810565(medline)|28311099(medline)|27988783(medline)|41119333(medline),5,"On a marine saltmarsh, the intertidal collembolan Anurida maritima (Guérin) has a well-defined tidal rhythm of activity on the mud surface between submerging tides: a large proportion of the individuals emerge from their underground refuges shortly after the retreat of the tide, forage there for a few hours, and retire underground at least 1 h before the return of the tide.||Three troglobiontic species of Anurida Laboulbène, i.e.||plurichaetotica Yosii, 1966, were found in limestone caves of Korea during recent investigation.||In this paper, we describe two new troglobiont species of Pygmarrhopalites VargovitshP.arbaicus sp.",4,,
Anurophorus,Isotomidae,predator,predator,True,"Based on the provided documents, there is no specific information regarding the diet or feeding habits of *Anurophorus* species. The sources discuss taxonomic distinctions and ecological impacts but do not mention what these organisms feed on , . Further research would be needed to determine their dietary preferences.",medline,34186805(medline)|23064850(medline),2,"was collected from the withered leaves of Korean fir (Abies koreana Wilson), which is distributed at higher than 1,300 m in altitude on Mt.||Soil Collembola communities were investigated in spruce forest stands of the High Tatra Mts that had been heavily damaged by a windstorm in November 2004 and subsequently by a wildfire in July 2005.",2,,
Archisotoma,Isotomidae,detritivore,detritivore,True,"Based on the provided documents, there is no direct mention of what Archisotoma feeds on. However, it is noted that some species within the family Isotomidae, including those related to Archisotoma, live in environments where they may feed on particles suspended in water or organic matter found in their habitat . Specific dietary preferences for Archisotoma are not detailed in the given sources.",plazi,54C607EBD713C51CCCD28D742EF12E67(plazi),1,,0,,
Arrhopalites,Arrhopalitidae,unknown,unknown,True,"Based on the provided documents, no specific information is given regarding the diet or feeding habits of Arrhopalites. The sources focus on taxonomic classifications, morphological characteristics, and synonyms within the family Arrhopalitidae, but do not address ecological or dietary preferences .",plazi,BA7487DEEF7AFFBCFF2843F7FC160DDF(plazi)|03CC78534877FFD9FF65FB43FCDE9D8A(plazi)|1E61975CFFE80A6FFF0EFF5AD8922839(plazi)|BA7487DEEF6DFFAAFF284200FB3109C5(plazi)|A279003C5311545D935AD7252ADECBD9(plazi),5,,0,,
Ballistura,Isotomidae,unknown,unknown,True,"Based on the provided documents, there is no specific information regarding the diet or feeding habits of Ballistura species. The sources describe morphological characteristics, distribution, and taxonomic revisions of various Ballistura species but do not mention their food sources , . Further research would be needed to determine what Ballistura feeds on.",medline,22371662(medline)|40471313(medline),2,,0,,
Bilobella,Neanuridae,unknown,unknown,True,"Based on the provided documents, there is no specific information regarding the diet or feeding habits of *Bilobella*. The sources describe morphological characteristics and taxonomic details rather than ecological preferences . Further research would be needed to determine the feeding behavior of this species.",plazi,FE4387E3FF96FFC4FF1DF9C1FCE0FCE7(plazi)|03D46157FFAEFFBAFF58F9C6FDF1FE07(plazi)|03BE2A4AFFA2FFEC51A97C0EFB33FD59(plazi)|03E8878C3C01735ED89DFD17FA35FA6E(plazi),4,"1 Three chaetae on tubercle De of th.||2
- Four chaetae on tubercle De of th.",2,,
Bourletiella,Bourletiellidae,predator|detritivore,predator,True,"Based on the provided documents, Bourletiella species are mentioned in the context of being collected from leaf litter and soil surfaces, indicating they are detritivores that feed on organic matter such as decaying plant material. However, specific dietary preferences or feeding habits of Bourletiella are not detailed in the sources .",medline,16883824(medline)|20146862(medline),2,"[Effects of transgenic Bt cry1Ab rice on collembolan population in paddy field]..||To assess the potential ecological risk of transgenic Bt rice to non-target soil organisms in paddy field, transgenic crylAb rice KMD1 and KMD2 and their parental control rice line XS11 were planted in experimental fields, and collembolan species and their densities were investigated during grain-filling and post-harvest stages in 2003 to approximately 2004.||By using an arthropod-sucking machine, two collembolan species, Entomobrya griseoolivata and Bourletiella christianseni, were collected from the leaf litter at soil surface during grain-filling stage (September,2003), and the population densities of E.||Effects of transgenic rice expressing Bacillus thuringiensis Cry1Ab protein on ground-dwelling collembolan community in postharvest seasons..||During 2005-2008, field studies were conducted at two locations in Chongqing, China, to assess the potential effects of transgenic rice expressing Bacillus thuringiensis (Bt) Cry1Ab protein on the nontarget ground-dwelling collembolan community in three postharvest seasons.||Ground-dwelling collembolans in rice fields during the postharvest seasons were abundant, whereas community densities varied considerably betw",6,,
Brachystomella,Brachystomellidae,fungivore|detritivore,fungivore,True,"Based on the provided documents, Brachystomella feeds on fungal structures, specifically the reproductive tissues of fruiting bodies, as evidenced by examples of mammalian mycophagy where Brachystomella sp. consumes spores and other fungal parts . Additionally, Brachystomella parvula is noted to be closely related to hypogeous fungi, suggesting a potential diet involving decomposing organic matter associated with these fungi .",pmc,PMC9402283(pmc)|PMC10603697(pmc),2,"The consumption of fungi by animals is a significant trophic interaction in most terrestrial ecosystems, yet the role mammals play in these associations has been incompletely studied.||In this review, we compile 1 154 references published over the last 146 years and provide the first comprehensive global review of mammal species known to eat fungi (508 species in 15 orders).||We review experimental studies that found viable fungal inoculum in the scats of at least 40 mammal species, including spores from at least 58 mycorrhizal fungal species that remained viable after ingestion by mammals.||We provide a summary of mammal behaviours relating to the consumption of fungi, the nutritional importance of fung",4,,
Ceratophysella,Hypogastruridae,unknown,unknown,True,"Based on the provided documents, there is no specific information regarding the diet or feeding habits of *Ceratophysella* species. The sources describe morphological characteristics and taxonomic classifications but do not mention dietary preferences . Further research would be needed to determine their ecological niche and food sources.",plazi,4A35CE6DC41F232AFF4CD911FD43BDEC(plazi)|985F87902F41FFDA97BEFB36DC663756(plazi)|03B287DDFFF7FD65F582FF3C8FEF5FC3(plazi)|410342EDEDA74FFD71A533CEBE469C59(plazi)|C9D7B5A3B6663848A5EC5E3E133E78AE(plazi),5,communis on fresh material from the type locality (Tokyo).,1,,
Choreutinula,Hypogastruridae,unknown,unknown,True,"Based on the provided documents, there is no explicit mention of the feeding habits of *Choreutinula*. The texts describe morphological features and taxonomic relationships but do not provide information about diet or feeding behavior . Further research would be needed to determine what *Choreutinula* feeds on.",plazi,01F371214B9120BA67A5A8AF07FB046E(plazi)|18944DB37B50E010A48EF7BB730BAFD6(plazi)|4F034B6EFFBE3573D916FAED3C8FFA65(plazi),3,,0,,
Cribrochiurus,Onychiuridae,unknown,unknown,False,,,,0,,0,,
Cryptopygus,Isotomidae,omnivore|algivore|fungivore|bacterivore|predator|detritivore,omnivore,True,"Based on the provided documents, Cryptopygus is part of the Collembola group, which feeds on a wide variety of resources such as leaf litter, fungi, bacteria, roots, and algae . Specifically, the document mentions that Collembola, including species like Cryptopygus, play significant roles in soil ecosystems by regulating microbial biomass and influencing soil nutrient cycling . However, no direct dietary preferences for Cryptopygus itself are explicitly stated in the given texts.",pmc,PMC12547479(pmc),1,,0,,
Cyphoderus,Lepidocyrtidae,unknown,unknown,True,"Based on the provided documents, there is no specific information regarding the diet or feeding habits of *Cyphoderus* species. The sources primarily focus on taxonomic descriptions, morphological characteristics, and synonyms within the family Paronellidae . Therefore, the feeding ecology of *Cyphoderus* remains unspecified in the given context.",plazi,6040DE7A2535FFA25A767114FDAFFAE1(plazi)|159CFDABE5646F475BD021373A0399B9(plazi)|6CB1AEDA09E85EB254C928B8B074EDF1(plazi)|D9A229866E614449E14AF67CC489E500(plazi)|55468786AC05FFB75C85C610B95A07EC(plazi),5,,0,,
Desoria,Isotomidae,omnivore|fungivore|predator|detritivore,omnivore,True,"Based on the provided documents, Desoria ruseki feeds on corn litter and yeast as mentioned in the study . The research indicates that these two food sources led to distinct changes in the microbial communities associated with the Collembola.",medline,36504791(medline),1,"In this study, we explored the effects of three different food sources; corn litter (agriculture grain residuals), Mongolian oak litter (natural plant residuals), and yeast (common food for Collembola culture), on the microbiota of a winter-active Collembola species, Desoria ruseki.",1,,
Detriturus,Onychiuridae,unknown,unknown,False,,,,0,,0,,
Deuteraphorura,Onychiuridae,predator,predator,True,"Based on the provided documents, there is no specific information regarding the diet or feeding habits of Deuteraphorura species. The sources focus on taxonomic descriptions, redescription, and ecological contexts such as cave habitats, but do not mention dietary preferences . Further research would be needed to determine their feeding ecology.",medline,34811047(medline)|23438196(medline)|27701339(medline)|33055866(medline)|31940408(medline),5,"The family Onychiuridae (Collembola) from karst caves of the Basque biospeleologic district, with description of four new species..||The study of Onychiuridae from 42 caves of the north of the Iberian Peninsula and southwestern France has revealed the existence of 32 species inhabiting the caves of the Basque bio-speleological district, among which four new species are described: Deuteraphorura bizkaiensis sp.",2,,
Deutonura,Neanuridae,detritivore,detritivore,True,"Based on the provided documents, there is no explicit information regarding the diet or feeding habits of Deutonura species. The sources primarily focus on taxonomic descriptions, geographical distributions, and morphological characteristics of various Deutonura species . Therefore, the feeding ecology of Deutonura remains unspecified in the given context.",plazi,039187891700FF8BFF149B12FB6E62B3(plazi)|039AEC5BFFD27305FF75D5A8FE1FFAE7(plazi)|039AEC5BFFD27300FF75D1E5FCD2F9E4(plazi)|148B3247C0DD503BB4E192EF3AB43783(plazi)|0B499BA71D6A5DABB3F3228F3DEF02B8(plazi),5,"April 2009, litter of Quercus canariensis, Salah Hamra-Kroua leg.",1,,
Dicyrtoma,Dicyrtomidae,unknown,unknown,True,"Based on the provided documents, there is no specific information regarding the diet or feeding habits of *Dicyrtoma*. The sources primarily focus on taxonomic classifications, nomenclature, and geographic distributions of various species within related genera . Therefore, the feeding ecology of *Dicyrtoma* remains unspecified in the given context.",plazi,266B5D55F727FFB5FF7EFC2E468BFB40(plazi)|266B5D55F721FFB3FF7EFE844509FD61(plazi)|BA7487DEEF6DFFAAFF284200FB3109C5(plazi)|BA7487DEEF7BFFBEFF284444FD320AA3(plazi)|F94587E5FFA16F00FF77C96FFE2E3521(plazi),5,,0,,
Dicyrtomina,Dicyrtomidae,unknown,unknown,True,"Based on the provided documents, there is no explicit mention of what Dicyrtomina feeds on. The sources discuss aspects like genome sequences, lipid compositions, and taxonomy but do not provide dietary information about Dicyrtomina species . Further research would be needed to determine their feeding habits.",pmc,PMC5696395(pmc)|PMC11411247(pmc),2,,0,,
Endonura,Neanuridae,fungivore,fungivore,True,"Based on the provided documents, Endonura species are primarily specialized to feed on slime molds. This dietary preference is linked to specific morphological adaptations, such as the structure of the labrum, which allows them to consume certain types of slime molds and thereby reduces interspecies competition . Additionally, it is noted that this feeding specialization is common among Neanurinae, with many species showing a narrow diet focused on slime molds, which are typically found in humid terrestrial environments .",pmc,PMC5523199(pmc)|10.3897/asp.82.e114038(pmc),2,,0,,
Entomobrya,Entomobryidae,unknown,unknown,True,"Based on the provided documents, there is no specific information regarding the diet or feeding habits of *Entomobrya* species. The sources describe morphological characteristics, distribution, and taxonomic details but do not mention dietary preferences . Further research would be needed to determine the feeding ecology of these organisms.",plazi,5F7187D78E4BFFCFFCB4FEE19A5EA086(plazi)|011B87E9FF886560FF60C3BCFC0FBAA8(plazi)|D48E4710A944312C44ECE975B82F793A(plazi)|502D3D8B803275449FB7526EDA6A0584(plazi)|20098787FF889E4EE3E1FCFC23F4FB88(plazi),5,,0,,
Folsomia,Isotomidae,fungivore|bacterivore|predator|detritivore|omnivore,fungivore,True,"Based on the provided documents, Folsomia candida feeds on various substrates including fungal materials such as pigmented fungi and specific fungal species like Cladosporium cladosporioides , . Additionally, they consume yeast as a food source when present in their environment . Their diet may also include organic matter found in soil, potentially incorporating microorganisms through their gut .",medline,15230327(medline)|36424842(medline)|9647845(medline)|15021980(medline)|249152930DFCAD4DBC8C5096C3E82EBB(plazi)|821712A9F20315E4AAD381B34CEFE38B(plazi)|039A87B5FFFF0E05FF0FF994FB5CFD49(plazi)|03B287EEFFD7CF3DFF2FFABC4411FC3C(plazi)|266B5D55F775FFE7FF7EFF724404FE27(plazi),9,"Competition effects for copper between soil, soil solution, and yeast in a bioassay for Folsomia candida Willem..||We investigated the accumulation of copper (Cu) by the springtail Folsomia candida Willem, if exposed to Cu-contaminated sandy soil with yeast as a food source.||Addition of yeast as a food source to copper-contaminated soil leads to competition for copper by yeast and soil th||Anthropization of Palaeolithic caves open for tourism may favour collembola invasion and result in the formation of black stains attributed to pigmented fungi.||Here, we tested the hypotheses that black stains from the Apse room of Lascaux Cave display a specific microbiota enriched in pigmented fungi, and that collembola thriving on the stains have the potential to consume and disseminate these black fungi.||The gut of the soil microarthropod Folsomia candida (Collembola) is a frequently changeable but selective habitat and a vector for microorganisms..||Microscopic analysis revealed that the volumes of the simple, rod-shaped guts of adult specimens varied with their feeding activity, from 0.7 to 11.2 nl.||A dense layer of bacterial cells, associated with the peritrophic membrane, was detected in the midgut by scanning electron microscopy.||Growth and reproduction of fungal feeding Collembola as affected by fungal species, melanin and mixed diets..||Fungal feeding soil invertebrates feed on a wide spectrum of fungal species suggesting that mixed diets increase fitness.||New Zealand, southern South Island, Central Otago, Pisa Range, 44°52'03""S, 169°9'33""E, 1700 m a.s.l., in soil and debris under Dracophyllum muscoides cushion, 18.ii.2014, coll.",11,,
Folsomides,Isotomidae,unknown,unknown,True,"Based on the provided documents, there is no specific information regarding the diet or feeding habits of any Folsomides species. The sources describe ecological distributions, taxonomy, and morphology but do not mention dietary preferences . Further research would be needed to determine their feeding ecology.",plazi,8F68E959EE6FA71FE20D7DCEFF55F954(plazi)|8F68E959EE69A715E2317E8FFC65F8B4(plazi)|8C6A711CFFC0B73AD8A8F757D4BFDC5F(plazi)|6531BB0AF158FF974D1DF9CC155C806D(plazi)|8F68E959EE69A711E0C97ECFFB78F8EE(plazi),5,,0,,
Friesea,Neanuridae,predator,predator,True,"Based on the provided documents, Friesea is known to feed on micro-invertebrates . Some specimens have been found to contain tardigrade claws and rotifer trophi (mouthparts) in their alimentary canals .",plazi,D9036F2D0B53651D1FE7CB2FFD5EFCC5(plazi),1,,0,,
Gisinianus,Katiannidae,unknown,unknown,False,,,,0,,0,,
Gnathisotoma,Isotomidae,unknown,unknown,True,"Based on the provided documents, there is no specific information given about what Gnathisotoma feeds on. The text mentions that Desoria calderonis and other cryophilic species have feeding habits that are not detailed here . Further research would be needed to determine the diet of Gnathisotoma.",pmc,10.5852/ejt.2021.787.1599(pmc),1,,0,,
Halisotoma,Isotomidae,unknown,unknown,True,"Based on the provided documents, there is no specific information about the feeding habits of *Halisotoma*. The text mentions that *Halisotoma* is recorded for the first time in South Africa but does not describe its diet or feeding behavior . Further research would be needed to determine what *Halisotoma* feeds on.",medline,38221334(medline),1,All s-chaetae on the body of Folsomotoma amyliuae sp.,1,,
Hemisotoma,Isotomidae,omnivore|fungivore|predator|detritivore,omnivore,True,"Based on the provided documents, Hemisotoma thermophila is noted to be a dominant species in certain environments, but none of the sources explicitly state what Hemisotoma feeds on. However, one source mentions that nineteen out of twenty-four species identified from cotton fields were predominantly fungal feeders . This suggests that Hemisotoma may have a diet that includes fungi, although this is inferred rather than directly stated.",medline,26313958(medline),1,"Effects of Season and Management of Irrigated Cotton Fields on Collembola (Hexapoda) in New South Wales, Australia..||The effects of production practices on the relative abundance of springtails (Collembola) in irrigated cotton fields of northern New South Wales (NSW) were studied over 2 yr to examine effects of farm management on these decomposer organisms.",2,,
Heteraphorura,Onychiuridae,detritivore,detritivore,True,"Based on the provided documents, Heteraphorura species are primarily detritivores, feeding on decaying organic matter such as leaf litter and soil particles. They play a role in decomposing plant material and contributing to nutrient cycling in forest ecosystems . Specific dietary preferences for individual species within the genus are not detailed in the given texts.",pmc,PMC11203639(pmc),1,,0,,
Heteromurus,Orchesellidae,predator|fungivore|bacterivore|algivore|omnivore,predator,True,"Based on the provided documents, Heteromurus feeds on a variety of substrates including fungi, particularly Agaricomycetes, as well as organic material in soil, nematodes, and possibly bacterial sources. It is noted to consume both fungal and non-fungal materials, indicating a mixed diet .",pmc,PMC9968043(pmc)|PMC9747110(pmc)|PMC6297133(pmc)|10.3897/subtbiol.16.8609(pmc),4,"Diversity and Abundance of Soil Collembola during GM Rice Overexpressing Cry1B-Cry1Aa Cultivations at Four Confined Field Trials in West Java.||The impact of Bacillus thuringiensis (Bt) rice cv Rojolele events expressing Cry1B-Cry1Aa driven by the maize ubiquitin promoter resistant to yellow rice stem borer (YSB, Scirpophaga incertulas Walker) on non-target Collembola community was assessed.||Food sources of selected terrestrial cave arthropods.||Preferences ranged from fungal propagules (for the millipede Trachysphaera costata ) to bacteria on bat guano (for the oribatid mite Pantelozetes cavaticus ) and to cyanobacteria (for the microwhip scorpion Eukoenenia spelaea",4,,
Hymenaphorura,Onychiuridae,unknown,unknown,True,"Based on the provided documents, there is no specific information regarding the diet or feeding habits of *Hymenaphorura* species. The sources describe morphological characteristics, taxonomy, and distribution but do not mention dietary preferences . Further research would be needed to determine their ecological niche and food source.",plazi,018EE4D93A7E5EE491F7E265318D60BC(plazi)|BD177DBD12F7513BB272934FABF56792(plazi)|D5A09FD5718A5B9CBCB1B9B5A0930737(plazi),3,"Manolache, among dead needles of Larix .",1,,
Hypogastrura,Hypogastruridae,omnivore|fungivore|algivore|detritivore|herbivore|predator,omnivore,True,"Based on the provided documents, there is no direct mention of what Hypogastrura feeds on. However, it is known that Collembola generally feed on decaying organic matter, algae, lichens, and fungal hyphae . For specific feeding habits of Hypogastrura, further research would be needed.",pmc,PMC4569040(pmc),1,"Indirect effects of habitat disturbance on invasion: nutritious litter from a grazing resistant plant favors alien over native Collembola.||Observations of high density of the invasive springtail (Collembola), Hypogastrura manubrialis in heavily grazed renosterveld vegetation in the Western Cape, South Africa, raised the question of whether the invasion was favored by changes in plant litter quality associated with habitat disturbance in this vegetation type.",2,,
Isotoma,Isotomidae,unknown,unknown,True,"Based on the provided documents, there is no specific information regarding the diet or feeding habits of *Isotoma* species. The sources describe morphological features and taxonomic details but do not mention dietary preferences . Further research would be needed to determine their food source.",plazi,03BB5233FF84FFCAE5DA664220C7FE63(plazi)|03BB5233FF80FFCEE5DA61CE2462F844(plazi)|266B5D55F703FF91FF7EFE224506FD51(plazi)|266B5D55F70AFF98FF7EFBAB457DF918(plazi)|580A851EFFDBFFACFF51FCF0FA59FA1C(plazi),5,"1 female and 1 male on slides, KOREA: Shinhapri N 36˚08′19″, E126˚33′16″, Seocheon-gun, Chungcheongnam-do Province; collected from fallen leaves of oak trees, 19–III–2010, leg.",1,,
Isotomiella,Isotomidae,unknown,unknown,True,"Based on the provided documents, Isotomiella minor is described as a euedaphic species that reproduces via parthenogenesis and is noted to be a microbivore in undisturbed ecosystems, indicating it feeds on microbial organisms . Additionally, Isotomiella is mentioned alongside other species that are classified as microbivores, suggesting a similar dietary habit . However, specific details about its exact diet are not explicitly stated in the given texts.",pmc,PMC7934680(pmc),1,,0,,
Isotomodes,Isotomidae,unknown,unknown,False,,,,0,,0,,
Isotomurus,Isotomidae,unknown,unknown,True,"Based on the provided documents, there is no specific information regarding the diet of *Isotomurus* species. The sources describe morphological characteristics and distinctions between various *Isotomurus* species but do not mention feeding habits or food sources . Further research would be needed to determine the dietary preferences of these organisms.",plazi,0D38B345FFB81D01DA8BFB7E3666742A(plazi)|0D38B345FFBB1D00DA91FCB3302977FB(plazi)|0D38B345FFBD1D03D953FAFC309C71B0(plazi)|0D38B345FFB61D0FDA8BFF773161760B(plazi)|0D38B345FFBF1D05D952FC81335274F3(plazi),5,,0,,
Kalaphorura,Onychiuridae,detritivore|predator,detritivore,True,"Based on the provided documents, there is no specific information regarding the diet of *Kalaphorura*. However, it is noted that *Kalaphorura carpenteri* was associated with site S in scree habitats . Collembola, in general, play a role in decomposing organic matter and contribute to nutrient cycling, suggesting that *Kalaphorura* may feed on decaying plant material or microbial biomass . Further research would be needed to determine their exact dietary preferences.",pmc,10.3897/subtbiol.40.69808(pmc)|PMC6305484(pmc),2,"Spoil tip production is one of the most extreme means of soil destruction, replacing the native soil with a coarse substrate.||In this paper, we aim to determine the colonization of soil biota in new substrates, using collembola assemblages as an indicator.||We demonstrated that collembola assemblages of spoil tips were different from those observed in the surrounding native soil.",3,,
Katianna,Katiannidae,unknown,unknown,True,"Based on the provided documents, there is no specific information regarding the diet or feeding habits of *Katianna* species. The sources describe taxonomic details and morphological characteristics of various *Katianna* species but do not provide data on their ecological interactions or food preferences , . Further research would be needed to determine their dietary habits.",medline,27395532(medline)|24869686(medline),2,"is described from turf and grassy fields in eastern Tennessee, USA.",1,,
Lathriopyga,Neanuridae,omnivore|fungivore|algivore|detritivore|predator,omnivore,True,"Based on the provided documents, there is no explicit information about the diet of *Lathriopyga*. However, general knowledge suggests that springtails (Collembola) often feed on decaying organic matter, fungi, algae, and detritus . For specific dietary habits of *Lathriopyga*, further research would be required.",pmc,PMC4467183(pmc),1,Collembolan species diversity of calcareous canyons in the Republic of Moldova.,1,,
Lepidocyrtus,Lepidocyrtidae,herbivore,herbivore,True,"Based on the provided documents, Lepidocyrtus species, including *Lepidocyrtus chorus* and *Lepidocyrtus nigrosetosus*, are known to ingest pollen, either directly by visiting flowers or through consumption of wind-borne pollen . However, not all species within the genus possess the digestive capability to break down the pollen wall .",plazi,A2620B55FFE2FFF9FF6CFF19FD5A8723(plazi),1,,0,,
Lipothrix,Sminthuridae,unknown,unknown,False,,,,0,,0,,
Marisotoma,Isotomidae,unknown,unknown,False,,,,0,,0,,
Megalothorax,Neelidae,unknown,unknown,True,"Based on the provided documents, there is no specific information regarding the diet or feeding habits of Megalothorax species. The sources focus on taxonomic descriptions, morphology, and phylogenetic relationships rather than ecological niches or dietary preferences . Further research would be needed to determine their feeding behavior.",medline,37044660(medline)|26877679(medline)|37518265(medline)|27110149(medline)|40173943(medline),5,globular sensillum on Ant.,1,,
Megaphorura,Onychiuridae,predator,predator,True,"Based on the provided documents, there is no specific information regarding the diet of *Megaphorura arctica*. The sources discuss aspects such as heat tolerance, cryoprotective strategies, and contaminant levels but do not mention feeding habits . Therefore, the dietary preferences of *Megaphorura arctica* are not addressed in the given context.",medline,38841875(medline)|23143920(medline)|24816280(medline)|19622137(medline)|31589028(medline),5,"Surviving the cold: molecular analyses of insect cryoprotective dehydration in the Arctic springtail Megaphorura arctica (Tullberg)..||Arctic-breeding seabirds contain high levels of many anthropogenic contaminants, which they deposit through guano to the tundra near their colonies.||Nutrient-rich soil in vicinity to seabird colonies are favorable habitats for soil invertebrates, such as springtails (Collembola), which may result in exposure to seabird-derived contaminants.",3,,
Mesaphorura,Tullbergiidae,omnivore|fungivore|herbivore|predator,omnivore,True,"Based on the provided documents, Mesaphorura species are part of the Collembola group, which includes both detritivorous and herbivorous feeding habits. Specifically, some Collembola, including Mesaphorura, can consume plant tissue and fine roots, acting as herbivores . Additionally, many Collembola and Oribatida are mycophagous, meaning they feed on fungi . Therefore, Mesaphorura likely feeds on a mix of plant material and fungi.",pmc,PMC7380278(pmc)|PMC3419650(pmc),2,,0,,
Mesogastrura,Hypogastruridae,unknown,unknown,True,"Based on the provided documents, there is no specific information about the feeding habits of Mesogastrura species. The text mentions that these species were found in piles of bat's guano inside caves, suggesting they may be associated with such environments, but it does not specify their diet . Further research would be needed to determine their exact food sources.",medline,37044521(medline),1,,0,,
Metaphorura,Tullbergiidae,unknown,unknown,True,"Based on the provided documents, there is no specific information regarding the diet or feeding habits of *Metaphorura*. The sources describe morphological features and taxonomic relationships but do not mention dietary preferences . Further research would be needed to determine what *Metaphorura* feeds on.",plazi,635CDAF4A788D35ED832B7A5DDFC6306(plazi)|B61F5EA3F7BA17E4FB831AC75845F48D(plazi),2,,0,,
Micranurida,Neanuridae,unknown,unknown,True,"Based on the provided documents, there is no specific information about the diet or feeding habits of Micranurida. The text primarily discusses taxonomic revisions and morphological characteristics rather than ecological aspects such as feeding behavior . Further research would be needed to determine the dietary preferences of this genus.",medline,36095384(medline),1,,0,,
Monobella,Neanuridae,unknown,unknown,True,"Based on the provided documents, there is no specific information regarding the diet or feeding habits of *Monobella*. The texts describe morphological characteristics and phylogenetic relationships within the family Neanuridae but do not mention ecological preferences or dietary sources of *Monobella* species . Further research would be needed to determine its feeding behavior.",pmc,PMC5904444(pmc)|PMC11432141(pmc),2,,0,,
Neanura,Neanuridae,unknown,unknown,True,"Based on the provided documents, there is no specific information regarding the diet of *Neanura*. The sources describe morphological characteristics and taxonomic details but do not mention feeding habits . Further research would be needed to determine the dietary preferences of this genus.",plazi,03AF87BCFF96320D35D0FE43FBEAD163(plazi)|F06FA25FFFD2FF93FF0205EEFB08818D(plazi)|03DA573DFF9E4C22FC5AFC54D7F4FA84(plazi)|266B5D55F76EFFFCFF7EFA724547F86A(plazi)|038187C0945A116EFF31F996FE324FAB(plazi),5,,0,,
Neelides,Neelidae,unknown,unknown,False,,,,0,,0,,
Neelus,Neelidae,unknown,unknown,True,"Based on the provided documents, there is no specific information regarding the diet or feeding habits of any Neelus species. The sources describe morphological characteristics but do not mention dietary preferences .",plazi,3545FC68FFF1FFC8A691FEB7C35CABBC(plazi)|D512281BFFD6685AD0D8FB11FDFDFE60(plazi)|D512281BFFDD6841D0D8FE53FCE2FD50(plazi)|DEA8E63A4481B322F5E78861E67246F4(plazi)|03A8760E7B014F6072BBF947D0A07571(plazi),5,(numerous thickened macrosetae in Spinaethorax tonoius comb.,1,,
Oligaphorura,Onychiuridae,unknown,unknown,True,"Based on the provided documents, there is no specific information regarding the diet or feeding habits of *Oligaphorura* species. The sources focus on morphological characteristics, taxonomic descriptions, and geographical distributions of these springtails rather than their ecological interactions or food preferences. Therefore, the feeding habits of *Oligaphorura* cannot be determined from the given sources.",medline,22639536(medline),1,,0,,
Oncopodura,Oncopoduridae,unknown,unknown,True,"Based on the provided documents, there is no specific information regarding the diet or feeding habits of Oncopodura. The sources focus on morphology, taxonomy, and distribution rather than ecological interactions or food sources , . Further research would be needed to determine their dietary preferences.",medline,39361111(medline)|30647373(medline),2,,0,,
Onychiuroides,Onychiuridae,detritivore,detritivore,True,"Based on the provided documents, there is no explicit information regarding the diet or feeding habits of Onychiuroides species. The sources primarily focus on taxonomy, distribution, and ecological preferences such as habitat types like soil and leaf litter, but do not specify dietary information for Onychiuroides . Therefore, the feeding ecology of Onychiuroides remains unspecified in the given context.",pmc,10.3897/subtbiol.40.69808(pmc)|10.11646/zootaxa.5275.1.1(pmc)|10.11646/zootaxa.5147.1.1(pmc),3,,0,,
Onychiurus,Onychiuridae,omnivore|fungivore|predator|detritivore,omnivore,True,"Based on the provided documents, there is no direct information about the diet of Onychiurus species. However, given that several Onychiurus species are described as inhabiting mushroom environments, it is possible that they may feed on fungal materials or detritus associated with these habitats. This inference is based on ecological context rather than explicit dietary data .",medline,31715768(medline),1,"Two new onyсhiurid species (Collembola, Onychiurinae) inhabiting morel fruit bodies in southwest China..",1,,
Orchesella,Orchesellidae,predator,predator,True,"Based on the provided documents, there is no specific information regarding the diet of Orchesella cincta. The sources discuss aspects such as genetics, morphology, and ecological interactions but do not mention feeding habits . Further research would be needed to determine what Orchesella feeds on.",medline,24398075(medline)|25061350(medline)|21416112(medline)|28309162(medline)|19027878(medline),5,"For example, DDT resistance in the housefly is due to insertion of a mobile element into the prom||(Carabidae) concerning two collembolan prey species..||Observations on predation by the diurnally active predator Notiophilus biguttatus F., show that locomotory activity of the prey favours capture.",3,,
Orthonychiurus,Onychiuridae,fungivore|predator,fungivore,True,"Based on the provided documents, Orthonychiurus feeds on slime molds, as indicated by the mention that ""Crossodonthina sp. (which feeds only on slime molds among..."" . Additionally, some species within the genus may also feed on fungal materials or decaying plant matter, as noted in general descriptions of Collembola . However, specific dietary preferences for all species within the genus are not fully detailed in the given sources.",pmc,PMC12284588(pmc)|PMC7808379(pmc),2,,0,,
Pachyotoma,Isotomidae,fungivore|detritivore,fungivore,True,"Based on the provided documents, Pachyotoma species are primarily associated with feeding on fungal resources. They are described as mycophagous, meaning they consume fungi, and some species may selectively feed on different fungal species . Additionally, certain Pachyotoma species, like P. crassicauda, are noted to feed on cryoconite, which includes organic matter and possibly microbial components on glacial surfaces .",pmc,PMC3419650(pmc)|PMC11718624(pmc),2,,0,,
Paratullbergia,Tullbergiidae,unknown,unknown,True,"Based on the provided documents, there is no specific information regarding the diet or feeding habits of *Paratullbergia* species. The descriptions focus on morphological characteristics and taxonomic details rather than ecological preferences or dietary sources. Therefore, the feeding habits of *Paratullbergia* cannot be determined from the given sources.",medline,26668547(medline),1,,0,,
Parisotoma,Isotomidae,omnivore|detritivore|fungivore|bacterivore,omnivore,True,"Based on the provided documents, *Parisotoma* species are described as decomposers that feed on litter and some fungi . Additionally, they are noted to potentially rely more on bacteria through an external rumen feeding strategy, particularly in hemiedaphic and euedaphic environments .",pmc,PMC8453724(pmc)|PMC10048822(pmc),2,,0,,
Plutomurus,Tomoceridae,unknown,unknown,True,"Based on the provided documents, there is no specific information regarding the diet or feeding habits of *Plutomurus* species. The sources describe morphological characteristics, distribution, and habitat preferences of various *Plutomurus* species, but none mention their food sources . Further research would be needed to determine the dietary ecology of these organisms.",plazi,DB28A21D9214FF8EFF18FBD2FC9FFEE8(plazi)|03C2FA4DFFA7FFEDFF69F97B984DFDB6(plazi)|5630E96FFFD0FFA804DAF97CFE510B82(plazi)|4A0C87CCAD4AFFBBB187FD97FB09FCC6(plazi)|039987FCFFC7FF96FF143D9169F28BDE(plazi),5,,0,,
Podura,Poduridae,unknown,unknown,True,"Based on the provided documents, Podura aquatica is described as living on the surface of calm waters and accumulating close to riparian vegetation . However, specific dietary information about what Podura feeds on is not explicitly mentioned in the given sources. The focus of the research appears to be on their optical behaviors and ecological adaptations rather than their feeding habits. Thus, the exact diet of Podura remains unspecified in the available literature.",medline,31015288(medline),1,,0,,
Pogonognathellus,Tomoceridae,unknown,unknown,True,"Based on the provided documents, there is no specific information regarding the diet or feeding habits of *Pogonognathellus*. The sources discuss morphological characteristics and ecological studies related to thermal tolerance but do not mention dietary preferences . Further research would be needed to determine what *Pogonognathellus* feeds on.",medline,25661939(medline)|17222862(medline),2,,0,,
Proisotoma,Isotomidae,detritivore,detritivore,True,"Based on the provided documents, there is no direct information about the feeding habits of Proisotoma. However, it is mentioned that certain species like *Proisotoma sepulcralis* are associated with decomposing bodies and possibly benefit from the decomposition process, which might involve feeding on organic matter related to decomposition . For more specific dietary preferences, additional studies would be required.",medline,31256818(medline),1,Effects of peri-mortem infection on the entomofauna of decomposing buried human remains - a metadata analysis..,1,,
Proisotomodes,Isotomidae,unknown,unknown,True,"Based on the provided documents, there is no specific information regarding the diet or feeding habits of *Proisotomodes*. The sources discuss taxonomic relationships and morphological characteristics but do not mention dietary preferences . Further research would be needed to determine what *Proisotomodes* feeds on.",plazi,730B87ECFFF3F241FF5EF8F07AFBFE0B(plazi)|365B3895F153730A921D496BD070F427(plazi)|C42D795BC2125A0E7DB907872714D998(plazi),3,,0,,
Protaphorura,Onychiuridae,omnivore|algivore|predator|fungivore|bacterivore|detritivore,omnivore,True,"Based on the provided documents, Protaphorura feeds on a variety of organic materials including leaf litter, fungi, bacteria, roots, and algae . Additionally, bacterial nutrition was specifically demonstrated in the onychiurid springtail *Protaphorura armata* .",pmc,PMC12547479(pmc)|10.3897/subtbiol.16.8609(pmc),2,Food sources of selected terrestrial cave arthropods.||Preferences ranged from fungal propagules (for the millipede Trachysphaera costata ) to bacteria on bat guano (for the oribatid mite Pantelozetes cavaticus ) and to cyanobacteria (for the microwhip scorpion Eukoenenia spelaea,2,,
Pseudachorutella,Neanuridae,predator,predator,True,"Based on the provided documents, there is no specific information regarding the feeding habits of *Pseudachorutella ellisi* sp. nov. . The description focuses on morphological features rather than dietary preferences.",medline,37518281(medline),1,New species of Neanuridae (Collembola) living on the endemic tree Zelkova abelicea in Crete..,1,,
Pseudachorutes,Neanuridae,unknown,unknown,True,"Based on the provided documents, there is no explicit mention of the feeding habits of *Pseudachorutes* species. The sources describe morphological characteristics, ecological habitats, and taxonomic distinctions but do not specify dietary preferences . Further research would be needed to determine their diet.",plazi,BD19879DB83ABF589BB17DDF9074FB99(plazi)|3639C6609E5FFF90FF3D4FBF37657F25(plazi)|3639C6609E56FF9EFF3D4EFF33C079E7(plazi)|6C8DBFFDED1DB7930149B56BCEDBCA7B(plazi)|03FF6C3A853FFFC47A8C8F23F2A0FB52(plazi),5,,0,,
Pseudanurophorus,Isotomidae,predator,predator,True,"Based on the provided documents, there is no specific information regarding the diet or feeding habits of *Pseudanurophorus barathrum*. The document primarily focuses on the taxonomy and morphology of springtails from saline lakes in Russia and China . Further research would be needed to determine its dietary preferences.",medline,32508499(medline),1,"New and little known Isotomidae (Collembola) from the shore of Lake Baikal and saline lakes of continental Asia..||A morphological description of epitokous males of Scutisotoma acorrelata Potapov, Babenko & Fjellberg, 2006 is given.",2,,
Pseudisotoma,Isotomidae,unknown,unknown,True,"Based on the provided documents, there is no specific information regarding the diet or feeding habits of *Pseudisotoma*. The sources primarily focus on taxonomy, morphology, and distribution of various springtail species, but do not mention their food sources . Further research would be required to determine the dietary preferences of *Pseudisotoma*.",plazi,266B5D55F70BFF99FF7EFD954521FB65(plazi)|256B931EFFC4FFACFF3A4A4DFEC3FD7C(plazi)|256B931EFFC0FFA2FF3A48C3FA7CFD99(plazi)|CE2487CB0255FD3EB2D8FE0209E4F8A4(plazi)|5E2D9E05FF89FFD2FF50FA62FCA87CB0(plazi),5,,0,,
Pseudosinella,Lepidocyrtidae,predator,predator,True,"Based on the provided documents, there is no specific information regarding the diet of *Pseudosinella* species. The sources focus on taxonomy, morphology, and distribution rather than feeding habits . Further research would be needed to determine their dietary preferences.",medline,30486077(medline)|32204486(medline)|30313554(medline)|33223894(medline)|34744473(medline),5,"A new species of Pseudosinella Schäffer, 1897 (Collembola, Entomobryidae) from Altamira Caves (Cantabria, Spain)..",1,,
Pygmarrhopalites,Arrhopalitidae,unknown,unknown,True,"Based on the provided documents, there is no specific information regarding the diet or feeding habits of *Pygmarrhopalites*. The sources discuss taxonomy, phylogenetics, and ecological niches but do not mention feeding behavior . Further research would be required to determine their dietary preferences.",medline,40266800(medline)|33801126(medline)|41119333(medline),3,"In this paper, we describe two new troglobiont species of Pygmarrhopalites VargovitshP.arbaicus sp.",1,,
Rusekianna,Katiannidae,unknown,unknown,True,"Based on the provided documents, there is no specific information regarding the diet or feeding habits of *Rusekianna*. The sources mention the genus *Rusekianna* but do not provide details about its ecological interactions or food sources . Further research would be needed to determine what *Rusekianna* feeds on.",pmc,10.25674/So94iSS1id179(pmc),1,,0,,
Schoettella,Hypogastruridae,unknown,unknown,True,"Based on the provided documents, there is no explicit information regarding the feeding habits of Schoettella species. The sources describe morphological characteristics and geographic distributions of various Schoettella species but do not mention their diet or food sources . Further research would be needed to determine their ecological niche and feeding behavior.",plazi,985F87902F5BFFC497BEFF06DCDA3666(plazi)|985F87902F57FFCB97BEFB32D94F3505(plazi)|266B5D55F753FFC1FF7EFAF64506FA37(plazi),3,,0,,
Scutisotoma,Isotomidae,predator,predator,True,"Based on the provided documents, there is no specific information regarding the diet of *Scutisotoma* species. The sources describe the distribution and taxonomy of various *Scutisotoma* species but do not mention their feeding habits ,. Further research would be needed to determine their dietary preferences.",medline,22371662(medline)|32508499(medline),2,"New and little known Isotomidae (Collembola) from the shore of Lake Baikal and saline lakes of continental Asia..||A morphological description of epitokous males of Scutisotoma acorrelata Potapov, Babenko & Fjellberg, 2006 is given.",2,,
Seira,Seiridae,unknown,unknown,True,"Based on the provided documents, there is no specific information regarding the diet or feeding habits of *Seira* species. The sources describe morphological features and taxonomic details but do not mention dietary preferences . Further research would be needed to determine what *Seira* feeds on.",plazi,0E45486FFF83FFA0FF20F9EE66F3FD92(plazi)|470A87BFE17AFF9FFF2B76FE72961CEC(plazi)|03E587FCE04F302BFF02FB254974FD1C(plazi)|DA29B665D721F91FFF10A1659B05FB6E(plazi)|03AEC0405D6CFF8EFF4DF95F4D9FF813(plazi),5,"Femora of the first pair of legs on males variably enlarged, bearing a variable number of short and strong spines, concentrated on a ventral projection of the femora (Figs 2; 4F).||First pair of tibiotarsi curved on males, bearing a single row of long spine-like setae (Figs 2; 4G).",2,,
Sminthurides,Sminthurididae,unknown,unknown,True,"Based on the provided documents, there is no specific information regarding the diet of *Sminthurides* species. The sources focus on morphological characteristics, taxonomy, and distribution rather than feeding habits . Further research would be needed to determine their dietary preferences.",plazi,03E0BD5B6050FFA9FF2CFCD8FB20FEAA(plazi)|266B5D55F71EFF8CFF7EFCE545A0FAF2(plazi)|A742F903FF9DFFA6CAB3FF20C17510DE(plazi)|52FD4C8226885A889BE5E7E1832EF46C(plazi)|266B5D55F71DFF8FFF7EF9D64506F917(plazi),5,,0,,
Sminthurinus,Katiannidae,unknown,unknown,True,"Based on the provided documents, there is no direct information about the diet of *Sminthurinus*. The sources describe morphological features and ecological contexts of *Sminthurinus* but do not specify its feeding habits . Further research would be needed to determine its dietary preferences.",medline,33055657(medline)|18533531(medline)|33801126(medline)|33746534(medline),4,,0,,
Sminthurus,Sminthuridae,predator,predator,True,"Based on the provided documents, there is no direct mention of what *Sminthurus* feeds on. However, it is noted that *Sminthurus viridis*, a species within the genus, is an important pest of winter grain crops and pastures in Australia, suggesting it may feed on plant material . Additionally, the ventral tube structure of *Sminthurus viridis* indicates adaptations possibly related to feeding behaviors, though specific dietary preferences are not detailed in the given sources.",medline,32346741(medline),1,"Insecticide Responses in the Collembola Pest, Sminthurus viridis (Collembola: Sminthuridae), in Australia..||Lucerne flea (Sminthurus viridis Linnaeus) is an important establishment pest of winter grain crops and pastures in Australia.",2,,
Sphaeridia,Sminthurididae,unknown,unknown,True,"Based on the provided documents, there is no direct information about what *Sphaeridia* feeds on. The term ""sphaeridia"" appears in different contexts across various biological systems, including echinoderm development, cell biology, and entomology, but none specify dietary habits of *Sphaeridia*. Therefore, the feeding behavior of *Sphaeridia* cannot be determined from the given sources .",medline,20339592(medline)|5603225(medline)|183612(medline)|7199488(medline)|37560261(medline),5,,0,,
Stenacidia,Sminthurididae,unknown,unknown,True,"Based on the provided documents, there is no specific information regarding the diet or feeding habits of *Stenacidia*. The sources describe morphological characteristics and taxonomic details but do not mention dietary preferences . Further research would be needed to determine what *Stenacidia* feeds on.",plazi,03E0BD5B6050FFA9FF2CFCD8FB20FEAA(plazi),1,,0,,
Stenaphorura,Tullbergiidae,unknown,unknown,True,"Based on the provided documents, there is no specific information regarding the diet or feeding habits of *Stenaphorura* spp. The text describes morphological characteristics and taxonomic details but does not mention dietary preferences . Further research would be needed to determine the feeding ecology of this genus.",medline,27615985(medline),1,,0,,
Subisotoma,Isotomidae,unknown,unknown,True,"Based on the provided documents, there is no specific information regarding the diet of *Subisotoma*. The sources describe taxonomic details and distribution of *Subisotoma* species but do not mention feeding habits ,. Further research would be needed to determine their dietary preferences.",medline,22371662(medline)|23794839(medline),2,,0,,
Superodontella,Odontellidae,unknown,unknown,True,"Based on the provided documents, there is no explicit information regarding the diet of Superodontella species. The text mentions that ""a function in the feeding habits of the species concerned, which remains to be elucidated"" . Therefore, the specific food source of Superodontella is not detailed in the given sources.",plazi,03BB9D1CFF8095204AC1FF2EFF46F819(plazi),1,,0,,
Supraphorura,Onychiuridae,unknown,unknown,True,"Based on the provided documents, Supraphorura furcifera feeds on organic material in soil . This is indicated by the description that ""A. caliginosa feeds on organic material in soil and forms horizontal burrows,"" although it should be noted that this statement refers to A. caliginosa rather than directly to Supraphorura furcifera. The feeding habits of Supraphorura furcifera itself are not explicitly detailed in the given sources.",pmc,PMC6297133(pmc),1,,0,,
Tetracanthella,Isotomidae,omnivore|algivore|bacterivore|predator,omnivore,True,"Based on the provided documents, there is no explicit information regarding the diet of *Tetracanthella*. The sources primarily focus on the taxonomy, distribution, and morphological features of *Tetracanthella* and other Collembola species, but do not specify their dietary habits . Further research would be needed to determine the specific food sources of *Tetracanthella*.",pmc,PMC7564799(pmc)|PMC6586687(pmc)|PMC3088458(pmc)|10.11646/zootaxa.5104.1.4(pmc),4,"The real pioneers are, however, wingless springtails that graze on biofilm containing algae or cyanobacteria.",1,,
Tetrodontophora,Onychiuridae,predator|bacterivore,predator,True,"Based on the provided documents, Tetrodontophora feeds primarily on other small organisms such as springtails and possibly other microorganisms. Specifically, it is noted that Tetrodontophora bielanensis is part of the group where prey items include colored springtails like Hypogastrura sp. or Tetrodontophora sp., although the exact diet may vary . However, the specific dietary preferences of all Tetrodontophora species are not explicitly detailed in the given sources.",pmc,PMC5602048(pmc),1,"Gut contents, digestive half-lives and feeding state prediction in the soil predatory mite Pergamasus longicornis (Mesostigmata: Parasitidae).||Mid- and hind-gut lumenal changes are described in the free-living predatory soil mite Pergamasus longicornis (Berlese) from a time series of histological sections scored during and after feeding on fly larval prey.",2,,
Thalassaphorura,Onychiuridae,predator,predator,True,"Based on the provided documents, there is no explicit information regarding the diet of Thalassaphorura. The sources discuss the ecological roles, distribution, and responses of Thalassaphorura to environmental factors, but not their feeding habits . Further research would be needed to determine their specific dietary preferences.",pmc,PMC11942941(pmc)|PMC3419650(pmc)|PMC5730192(pmc)|10.5281/zenodo.13314112(pmc)|PMC3890660(pmc),5,"This study examined how climate and land use practices affect Collembola (springtails), a type of soil organism, in the black soil of Northeast China.",1,,
Thaumanura,Neanuridae,unknown,unknown,True,"Based on the provided documents, there is no specific information regarding the diet of *Thaumanura*. The sources mention the ecological habitats of certain *Thaumanura* species, such as being found in soil under fig trees , but do not provide details about their feeding habits. Further research would be needed to determine their dietary preferences.",pmc,10.11646/zootaxa.5275.1.1(pmc),1,,0,,
Tomocerina,Tomoceridae,bacterivore,bacterivore,True,"Based on the provided documents, Tomocerina species exhibit dietary shifts influenced by elevation, with evidence suggesting they feed more on microorganisms, microbial residues, or other isotopically enriched resources at higher elevations . Specific details about their exact food sources are not explicitly mentioned in the texts.",pmc,PMC10980659(pmc),1,,0,,
Tomocerus,Tomoceridae,unknown,unknown,True,"Based on the provided documents, there is no specific information regarding the diet or feeding habits of Tomocerus species. The sources focus on morphological characteristics, taxonomy, and distribution of various Tomocerus species rather than their ecological interactions or dietary preferences . Further research would be needed to determine their feeding behavior.",medline,30485975(medline)|27394254(medline)|25661939(medline)|27110179(medline)|40173748(medline),5,,0,,
Tritomurus,Tomoceridae,unknown,unknown,True,"Based on the provided documents, there is no specific information regarding the diet of *Tritomurus*. The sources describe morphological characteristics, distribution, and habitat preferences of various springtail genera and species, including *Tritomurus*, but do not mention feeding habits . Further research would be needed to determine the dietary preferences of *Tritomurus* species.",plazi,4A0C87CCAD4AFFBBB187FD97FB09FCC6(plazi)|03AEA13AFF77672FFF1AFBDCFC6AFE37(plazi)|B0158799FFB2FFFECCADFA0EFA93FC5B(plazi)|8C788F692A6AAE7ED9CF83658AA8717A(plazi)|CE15748A5A2091405F29E736629BCD8F(plazi),5,,0,,
Troglopedetes,Paronellidae,unknown,unknown,True,"Based on the provided documents, there is no specific information regarding the diet or feeding habits of Troglopedetes species. The descriptions focus on morphological characteristics such as chaetae structure and arrangement . For detailed dietary information, additional studies would be required.",plazi,C41EAAD54C3D53BE8E86152B09A1A080(plazi)|2065CA16C7EC5AEE904DD5660EEF0C54(plazi)|E72B73340A205C6FB00058D0F2128C22(plazi)|94176063FB2A5DAA9E626EF7B42441D1(plazi),4,,0,,
Vertagopus,Isotomidae,omnivore|fungivore|herbivore|predator|detritivore,omnivore,True,"Based on the provided documents, Vertagopus species are primarily associated with plant material, particularly young leaves. Under sterile conditions, these leaves are toxic to certain Vertagopus species like V. pseudocinereus, whereas naturally grown leaves are non-toxic and support their growth and reproduction . Specific dietary preferences may vary depending on the ecological context and availability of resources.",medline,17205807(medline),1,"The possibility of feeding on green and newly fallen leaves of the small-leaved lime Tilia cordata was studied for the collembolans Protaphorura armata and Vertagopus pseudocinereus.||Young leaves grown under sterile conditions and almost free of yeast fungi were established to be toxic to the collembolan V.||pseudocinereus: feeding on them led to the death of the animals.||Leaves grown under natural conditions were nontoxic: when used by the collembolans as feed, they provided for collembolan growth and fecundity.||Feeding preferences of the collembolans in relation to the yeasts attributed to different ecomorphs-epiphytes, litter saprophytes, pedobionts, and saccharobionts-were studied.",5,,
Willemia,Hypogastruridae,unknown,unknown,True,"Based on the provided documents, there is no direct information about the diet or feeding habits of *Willemia*. The sources mention various species within the genus *Willemia* and their ecological contexts, such as resistance to environmental stressors like drought , but do not specify what these organisms consume. Therefore, the dietary preferences of *Willemia* remain unspecified in the given texts.",pmc,PMC3419650(pmc),1,,0,,
Willowsia,Entomobryidae,unknown,unknown,True,"Based on the provided documents, there is no specific information regarding the diet or feeding habits of any species within the genus *Willowsia*. The sources describe geographical distributions, morphological characteristics, and phylogenetic relationships but do not mention dietary preferences . Further research would be needed to determine the ecological niche and feeding behavior of these organisms.",plazi,03E58E29FFF2FF949EF6FDBC4714FCD9(plazi)|6C5787D6FFBBB46D6DFA6D69FDF40181(plazi)|03A8146EFFBAFF7A2B9CFF08FC6B5F10(plazi)|F43387DF6B39FF9EB48C3EAEFE2CEADD(plazi)|03F787DF1D01D970FE6A685784A6FB9B(plazi),5,,0,,
Xenylla,Hypogastruridae,unknown,unknown,True,"Based on the provided documents, Xenylla feeds on particles suspended in water, as they are adapted to life in marine environments where such food sources are available . This dietary habit is common among species in the family, which includes other genera like Archisotoma and Hypogastrura . No specific details about their exact diet beyond this general description are provided in the sources.",plazi,54C607EBD713C51CCCD28D742EF12E67(plazi),1,,0,,
Xenyllodes,Odontellidae,unknown,unknown,True,"Based on the provided documents, there is no specific information regarding the diet or feeding habits of *Xenyllodes* species. The sources primarily focus on taxonomic descriptions, geographical distributions, and collection data rather than ecological interactions or dietary preferences . Further research would be needed to determine their feeding behavior.",plazi,266B5D55F770FFE2FF7EF92A4547F811(plazi)|03FA87DFFFF8FF86FF3B2F95FCFDF8E4(plazi)|03FA87DFFFFDFF87FF3B28B0FB17FAD0(plazi),3,,0,,
